--
-- Create schema proba_baloncesto
--

CREATE DATABASE IF NOT EXISTS liga_acb
    DEFAULT CHARACTER SET latin1 COLLATE latin1_swedish_ci ;
USE liga_acb;

--
-- Definition of table `clasificacion`
--

DROP TABLE IF EXISTS `clasificacion`;
CREATE TABLE `clasificacion` (
  `posicion` tinyint(3) unsigned DEFAULT NULL,
  `equipo` char(4) DEFAULT NULL,
  `xogados` tinyint(3) unsigned DEFAULT NULL,
  `ganados` tinyint(3) unsigned DEFAULT NULL,
  `puntos_favor` smallint(5) DEFAULT NULL,
  `puntos_contra` smallint(5) DEFAULT NULL
) ENGINE=MyISAM DEFAULT CHARSET=latin1 COLLATE=latin1_swedish_ci;

--
-- Definition of table `equipo`
--

DROP TABLE IF EXISTS `equipo`;
CREATE TABLE `equipo` (
  `codigo` char(4) DEFAULT NULL,
  `nome_club` varchar(80) DEFAULT NULL,
  `pavillon` varchar(70) DEFAULT NULL,
  `capacidade_pavillon` smallint(5) unsigned DEFAULT NULL,
  `web` varchar(100) DEFAULT NULL,
  `nome_equipo` varchar(80)  DEFAULT NULL
) ENGINE=MyISAM DEFAULT CHARSET=latin1 COLLATE=latin1_swedish_ci;

--
-- Dumping data for table `equipo`
--

/*!40000 ALTER TABLE `equipo` DISABLE KEYS */;
INSERT INTO `equipo` (`codigo`,`nome_club`,`pavillon`,`capacidade_pavillon`,`web`,`nome_equipo`) VALUES 
 ('ESTU','C. Estudiantes S.A.D.','Palacio de Deportes Comunidad de Madrid',12000,'www,clubestudiantes.com','Asefa Estudiantes'),
 ('MANR','Baquet Manresa S.A.D.','Pavello Nou Congost',5000,'www.basquetmanresa.com','Assignia Manresa'),
 ('SEVI','C.D.B. Sevilla S.A.D.',NULL,NULL,'www.baloncestosevilla.com','Banca Cívica'),
 ('VALL','C.B. Valladolid S.A.D.','Pabellón Polideportivo Pisuerga',6300,'www.cbvalladolid.es','Blancos de Rueda Valladolid'),
 ('OBRA','Obradoiro C.A.B.',NULL,NULL,'www.obradoirocab.com','Bluesens Monbus'),
 ('CAI','Basquet Zaragoza 2002 S.A.D.','Pabellón Príncipe Felipe',10500,'www.basketzaragoza.net','CAI Zaragoza'),
 ('BASK','Saski-Baskonia S.A.D.','Iradier Arena',NULL,'www.baskonia.com','Caja Laboral'),
 ('BARC','F.C. Barcelona',NULL,NULL,'www.fcbarcelona.cat','FC Barcelona Regal'),
 ('JOVE','Club Joventut Badalona S.A.D.',NULL,NULL,'www.penya.com','FIATC Mutua Joventut'),
 ('BILB','C.B.D. Bilbao Berri','Bilbao Arena',NULL,'www.bilbaobasket.biz','Gescrap Bizkaia');
INSERT INTO `equipo` (`codigo`,`nome_club`,`pavillon`,`capacidade_pavillon`,`web`,`nome_equipo`) VALUES 
 ('GRAN','Gran Canaria 2014',NULL,NULL,'www.cbgrancanaria.net','Gran Canaria 2014'),
 ('SANS','San Sebastián Guipuzcoa Club',NULL,NULL,'www.guipuzcoabasket.com','Lagun Aro GBC'),
 ('ALI','C.B. Lucentum Alicante',NULL,NULL,'www.clublucentum','Lucentum Alicante'),
 ('FUEN','B. Fuenlabrada S.A.D.','Polideportivo Fernando Martín',5100,'www.baloncestofuenlabrada.com','Mad-Croc Fuenlabrada'),
 ('MADR','Real Madrid C. de F.',NULL,NULL,'www.realmadrid.com','Real Madrid'),
 ('MURC','C.B. Murcia S.A.D.',NULL,NULL,'www.cbmurcia.com','UCAM Murcia'),
 ('MALA','Baloncesto Málaga S.A.D.',NULL,NULL,'www.unicajabaloncesto.com','Unicaja'),
 ('VALE','Valencia Basket Club S.A.D.',NULL,NULL,'www.valenciabasket.com','Valencia Basket');
/*!40000 ALTER TABLE `equipo` ENABLE KEYS */;


--
-- Definition of table `estatistica`
--

DROP TABLE IF EXISTS `estatistica`;
CREATE TABLE `estatistica` (
  `equipo` char(4) DEFAULT NULL,
  `xogados_local` tinyint(3) unsigned DEFAULT NULL,
  `xogados_visitante` tinyint(3) unsigned DEFAULT NULL,
  `ganados_local` tinyint(3) unsigned DEFAULT NULL,
  `ganados_visitante` tinyint(3) unsigned DEFAULT NULL,
  `puntos_favor_local` smallint(5) DEFAULT NULL,
  `puntos_favor_visitante` smallint(5) DEFAULT NULL,
  `puntos_contra_local` smallint(5) DEFAULT NULL,
  `puntos_contra_visitante` smallint(5) DEFAULT NULL
) ENGINE=MyISAM DEFAULT CHARSET=latin1 COLLATE=latin1_swedish_ci;

--
-- Dumping data for table `estatistica`
--

/*!40000 ALTER TABLE `estatistica` DISABLE KEYS */;
INSERT INTO `estatistica` (`equipo`,`xogados_local`,`xogados_visitante`,`ganados_local`,`ganados_visitante`,`puntos_favor_local`,`puntos_favor_visitante`,`puntos_contra_local`,`puntos_contra_visitante`) VALUES 
 ('ALI',17,17,11,7,1246,1106,1246,1193),
 ('BARC',17,17,16,13,1340,1299,1090,1142),
 ('BASK',17,17,14,9,1261,1284,1119,1265),
 ('BILB',17,17,12,7,1361,1281,1255,1360),
 ('CAI',17,17,13,3,1223,1181,1155,1299),
 ('ESTU',17,17,8,3,1178,1216,1216,1357),
 ('FUEN',17,17,7,5,1221,1193,1280,1305),
 ('GRAN',17,17,11,2,1162,1106,1157,1238),
 ('JOVE',17,17,12,4,1279,1214,1225,1337),
 ('MADR',17,17,16,10,1411,1418,1218,1295),
 ('MALA',17,17,10,7,1279,1230,1254,1308),
 ('MANR',17,17,11,4,1304,1193,1259,1300),
 ('MURC',17,17,10,3,1261,1178,1206,1306),
 ('OBRA',17,17,8,5,1230,1175,1231,1250),
 ('SANS',17,17,10,9,1360,1304,1303,1275),
 ('SEVI',17,17,10,8,1327,1196,1240,1220),
 ('VALE',17,17,12,8,1289,1242,1164,1237),
 ('VALL',17,17,7,1,1251,1098,1296,1296);
/*!40000 ALTER TABLE `estatistica` ENABLE KEYS */;


--
-- Definition of table `xogador`
--

DROP TABLE IF EXISTS `xogador`;
CREATE TABLE `xogador` (
  `codigo_equipo` char(4) DEFAULT NULL,
  `numero` tinyint(3) unsigned DEFAULT NULL,
  `nome` char(30) DEFAULT NULL,
  `posicion` char(1) DEFAULT NULL,
  `nacionalidade` char(3) DEFAULT NULL,
  `ficha` char(3) DEFAULT NULL,
  `estatura` decimal(3,2) DEFAULT NULL,
  `idade` tinyint(3) unsigned DEFAULT NULL,
  `temporadas` tinyint(3) DEFAULT NULL
) ENGINE=MyISAM DEFAULT CHARSET=latin1 COLLATE=latin1_swedish_ci;

--
-- Dumping data for table `xogador`
--

/*!40000 ALTER TABLE `xogador` DISABLE KEYS */;
INSERT INTO `xogador` (`codigo_equipo`,`numero`,`nome`,`posicion`,`nacionalidade`,`ficha`,`estatura`,`idade`,`temporadas`) VALUES 
 ('ESTU',0,'Clark, Daniel','F','GBR','JFL','2.10',23,6),
 ('ESTU',4,'Fernández, Jaime','B','ESP','JFL','1.84',18,2),
 ('ESTU',5,'Lofton, Chris','E','USA','EXT','1.88',26,2),
 ('ESTU',6,'Deane, Willie','E','BGR','EUR','1.88',32,1),
 ('ESTU',7,'Driesen, Yannick','P','BEL','EUR','2.16',23,5),
 ('ESTU',9,'Simmons, Cedric','P','BGR','EUR','2.06',26,1),
 ('ESTU',10,'Jiménez, Carlos','A','ESP','JFL','2.05',36,13),
 ('ESTU',11,'Granger, Jayson','B','ITA','JFL','1.90',22,5),
 ('ESTU',12,'Gabriel, Germán','P','ESP','JFL','2.07',31,5),
 ('ESTU',14,'De la Fuente, R.','A','ESP','JFL','2.00',35,1),
 ('ESTU',16,'Lobo, Álvaro','E','ESP','JFL','1.83',20,1),
 ('ESTU',17,'Medori, Javier','A','ESP','JFL','2.00',18,1),
 ('ESTU',21,'Kirksay, Tariq','A','FRA','EUR','1.99',32,1),
 ('ESTU',22,'Bullock, Louis','E','USA','EXT','1.85',36,1),
 ('ESTU',35,'Nogueira, Lucas','P','BRA','EXT','2.12',19,1),
 ('MANR',4,'Palsson, Haukur','A','ISL','EUR','1.97',20,1);
INSERT INTO `xogador` (`codigo_equipo`,`numero`,`nome`,`posicion`,`nacionalidade`,`ficha`,`estatura`,`idade`,`temporadas`) VALUES 
 ('MANR',5,'Asselin, Josh','P','DOM','COT','2.10',33,3),
 ('MANR',6,'Rodríguez, Javi','B','ESP','JFL','1.88',33,3),
 ('MANR',8,'Montañez, Román','E','ESP','JFL','1.91',33,7),
 ('MANR',11,'Hernández, Alex','B','ESP','JFL','1.89',22,2),
 ('MANR',13,'Gladyr, Sergiy','A','UKR','EUR','1.97',23,3),
 ('MANR',14,'Doellman, Justin','F','USA','EXT','2.04',27,1),
 ('MANR',16,'Cerqueira, Fernando','B','ESP','JFL','1.92',19,1),
 ('MANR',17,'Hanga, Adam','A','HUN','EUR','1.99',23,1),
 ('MANR',19,'Kody, Johan','P','CMR','JFL','2.07',19,1),
 ('MANR',19,'Ibaka, Igor','P','COG','JFL','2.03',19,1),
 ('MANR',19,'Solé, Sergi','A','ESP','JFL','1.99',18,1),
 ('MANR',20,'Achara, Kieron','P','GBR','EUR','2.07',28,1),
 ('MANR',22,'Downs, Micah','A','USA','EXT','2.01',25,1),
 ('MANR',24,'Oriola, Pierre','F','ESP','JFL','2.06',19,3),
 ('BACI',4,'Tepic, Milenko','E','SRB','EUR','2.02',25,1),
 ('BACI',5,'Triguero, Juan José','P','ESP','JFL','2.12',28,4);
INSERT INTO `xogador` (`codigo_equipo`,`numero`,`nome`,`posicion`,`nacionalidade`,`ficha`,`estatura`,`idade`,`temporadas`) VALUES 
 ('BACI',6,'Pámpano, Ricardo','E','ESP','','1.89',19,2),
 ('BACI',7,'Balvin, Ondrej','P','CZE','EUR','2.17',19,2),
 ('BACI',8,'Satoransky, Tomas','B','CZE','JFL','2.01',20,3),
 ('BACI',10,'Urtasun, Txemi','E','ESP','JFL','1.93',28,2),
 ('BACI',11,'Calloway, Earl','B','BGR','EUR','1.90',28,3),
 ('BACI',12,'Izquierdo, Antonio','E','ESP','JFL','1.94',19,1),
 ('BACI',14,'Jasen, Pancho','A','ITA','EUR','1.98',34,1),
 ('BACI',15,'Sastre, Joan','A','ESP','JFL','2.01',20,3),
 ('BACI',16,'Rubio, Guille','F','ESP','JFL','2.02',29,1),
 ('BACI',21,'Bogdanovic, Luka','F','SRB','EUR','2.03',27,1),
 ('BACI',23,'English, Carl','E','CAN','EXT','1.96',31,1),
 ('BACI',40,'Davis, Paul','P','USA','EXT','2.11',27,2),
 ('VALL',6,'Uriz, Ricardo','B','ESP','JFL','1.88',31,2),
 ('VALL',7,'García, Diego','E','ITA','EUR','1.90',32,3),
 ('VALL',8,'Zamora, Jhornan José','E','ESP','JFL','1.93',23,1),
 ('VALL',9,'Udrih, Samo','E','SVN','EUR','1.95',32,1);
INSERT INTO `xogador` (`codigo_equipo`,`numero`,`nome`,`posicion`,`nacionalidade`,`ficha`,`estatura`,`idade`,`temporadas`) VALUES 
 ('VALL',10,'López, Isaac','E','ESP','JFL','1.96',33,3),
 ('VALL',11,'Martín, Nacho','F','ESP','JFL','2.05',29,2),
 ('VALL',16,'Hdez-Sonseca, E.','P','ESP','JFL','2.12',28,1),
 ('VALL',18,'Dumas, Stephane','B','FRA','EUR','1.90',33,4),
 ('VALL',20,'Robinson, Jason','A','USA','EXT','1.96',31,2),
 ('VALL',21,'Sarmiento, Arturo','A','ESP','JFL','1.91',18,2),
 ('VALL',22,'Arteaga, Víctor','F','ESP','JFL','2.09',19,1),
 ('VALL',24,'Borchardt, Curtis','P','USA','EXT','2.10',31,1),
 ('VALL',25,'Songaila, Darius','F','LTU','EUR','2.06',34,1),
 ('OBRA',4,'Hopkins, Bernard','F','ESP','JFL','1.97',39,1),
 ('OBRA',5,'Rodríguez, Andrés','B','PRI','EXT','1.84',31,1),
 ('OBRA',6,'Cabanas, Mario','P','ESP','JFL','2.07',27,1),
 ('OBRA',7,'Bulfoni, Javier','E','ITA','EUR','1.94',35,2),
 ('OBRA',9,'Ere, Ebi','A','NGA','COT','1.95',30,1),
 ('OBRA',11,'Palacio, Milt','B','BLZ','COT','1.93',34,1),
 ('OBRA',13,'Washington, Deron','A','DEU','EUR','2.00',26,1);
INSERT INTO `xogador` (`codigo_equipo`,`numero`,`nome`,`posicion`,`nacionalidade`,`ficha`,`estatura`,`idade`,`temporadas`) VALUES 
 ('OBRA',14,'Kendall, Levon','P','IRL','EUR','2.09',27,1),
 ('OBRA',15,'Junyent, Oriol','P','ESP','JFL','2.08',35,2),
 ('OBRA',17,'Nguema, Richard','B','ESP','JFL','1.92',24,1),
 ('OBRA',21,'Lasme, Stephane','P','GAB','COT','2.04',29,1),
 ('OBRA',33,'Corbacho, Alberto','A','ESP','JFL','2.01',27,1),
 ('CAI',8,'Wright, Bracey','E','USA','EXT','1.91',27,1),
 ('CAI',9,'Van Rossom, Sam','B','BEL','EUR','1.88',25,2),
 ('CAI',10,'Hettsheimeir, R.','P','ESP','EUR','2.08',25,2),
 ('CAI',11,'Stefansson, Jon','E','ISL','EUR','1.96',29,1),
 ('CAI',12,'Almazán, Pablo','A','ESP','JFL','2.00',23,1),
 ('CAI',16,'Cabezas, Carlos','B','ESP','JFL','1.86',31,2),
 ('CAI',17,'Marín, Javier','B','ESP','JFL','1.93',18,2),
 ('CAI',21,'Archibald, Robert','P','GBR','EUR','2.12',32,1),
 ('CAI',23,'Dobos, Laszlo','P','HUN','EUR','2.19',18,1),
 ('CAI',31,'Fontet, Albert','P','ESP','JFL','2.12',26,1),
 ('CAI',33,'Toppert, Chad','A','DEU','EUR','1.99',26,2);
INSERT INTO `xogador` (`codigo_equipo`,`numero`,`nome`,`posicion`,`nacionalidade`,`ficha`,`estatura`,`idade`,`temporadas`) VALUES 
 ('CAI',34,'Aguilar, Pablo','F','ESP','JFL','2.03',22,2),
 ('BASK',4,'Ribas, Pau','B','ESP','JFL','1.96',25,4),
 ('BASK',5,'Prigioni, Pablo','B','ESP','JFL','1.86',35,7),
 ('BASK',7,'Van Oostrum, Devon','B','GBR','JFL','1.93',19,1),
 ('BASK',11,'Bjelica, Milko','F','MNE','EUR','2.07',27,1),
 ('BASK',19,'San Emeterio, F.','E','ESP','JFL','1.99',28,5),
 ('BASK',22,'Heurtel, Thomas','B','FRA','EUR','1.89',23,1),
 ('BASK',24,'Oleson, Brad','E','ESP','JFL','1.91',29,4),
 ('BASK',30,'Lampe, Maciej','F','SWE','JFL','2.10',27,1),
 ('BASK',33,'Teletovic, Mirza','F','BIH','EUR','2.06',26,7),
 ('BASK',42,'Calbarro, Unai','F','ESP','JFL','2.05',22,1),
 ('BASK',44,'Bjelica, Nemanja','A','SRB','EUR','2.09',24,3),
 ('BASK',55,'Nocioni, Andrés','A','ITA','EUR','2.03',32,6),
 ('BARC',8,'Sada, Víctor','B','ESP','JFL','1.92',28,8),
 ('BARC',9,'Huertas, Marcelinho','B','ITA','EUR','1.90',29,1),
 ('BARC',11,'Navarro, Juan Carlos','E','ESP','JFL','1.91',31,14);
INSERT INTO `xogador` (`codigo_equipo`,`numero`,`nome`,`posicion`,`nacionalidade`,`ficha`,`estatura`,`idade`,`temporadas`) VALUES 
 ('BARC',16,'García, Iván','A','ESP','JFL','2.05',25,3),
 ('BARC',17,'Vázquez, Fran','P','ESP','JFL','2.09',29,6),
 ('BARC',18,'Wallace, CJ','F','COG','COT','2.06',29,1),
 ('BARC',20,'Ingles, Joe','A','GBR','EUR','2.03',24,2),
 ('BARC',21,'Ndong, Boniface','P','SEN','EUR','2.13',34,3),
 ('BARC',22,'Rabaseda, Xavi','A','ESP','JFL','1.98',23,4),
 ('BARC',23,'Mbaye, Papa','P','SEN','JFL','2.08',21,1),
 ('BARC',24,'Pérez, Josep','B','ESP','JFL','1.84',18,1),
 ('BARC',25,'Lorbek, Erazem','F','SVN','EUR','2.09',28,3),
 ('BARC',31,'Eidson, Chuck','A','USA','EXT','2.02',31,1),
 ('BARC',33,'Mickeal, Pete','A','USA','EXT','1.99',34,3),
 ('JOVE',4,'Trias, Jordi','F','ESP','JFL','2.08',31,2),
 ('JOVE',6,'Bassas, Ferran','B','ESP','JFL','1.81',20,1),
 ('JOVE',9,'Llovet, Nacho','P','ESP','JFL','2.02',21,2),
 ('JOVE',11,'Oliver, Albert','B','ESP','JFL','1.87',33,3),
 ('JOVE',12,'Báez, Eulis','F','ESP','EUR','2.01',30,1),
 ('JOVE',13,'Obasohan, Derrick','A','NGA','COT','2.00',31,1);
INSERT INTO `xogador` (`codigo_equipo`,`numero`,`nome`,`posicion`,`nacionalidade`,`ficha`,`estatura`,`idade`,`temporadas`) VALUES 
 ('JOVE',14,'Todorovic, M.','F','MNE','JFL','2.06',20,2),
 ('JOVE',15,'Jeter, Pooh','B','USA','EXT','1.79',28,1),
 ('JOVE',16,'Ventura, Albert','E','ESP','JFL','1.91',20,2),
 ('JOVE',17,'Norel, Henk','P','NLD','EUR','2.12',24,6),
 ('JOVE',19,'Tomàs, Pere','A','ESP','JFL','2.02',22,5),
 ('JOVE',21,'Williams, Latavious','P','USA','EXT','2.02',23,1),
 ('JOVE',22,'Jelínek, David','E','CZE','JFL','1.95',21,3),
 ('JOVE',24,'Barrera, Alex','E','ESP','JFL','1.96',20,1),
 ('JOVE',31,'Barton, Lubos','A','CZE','EUR','2.02',32,4),
 ('JOVE',40,'Van Lacke, Federico','E','ESP','JFL','1.91',31,1),
 ('BILB',4,'Fisher, Josh','E','ESP','JFL','1.89',31,2),
 ('BILB',7,'Jackson, Aaron','B','USA','EXT','1.93',26,2),
 ('BILB',11,'Mavroeidis, D.','P','GRC','EUR','2.08',26,2),
 ('BILB',13,'Banic, Marko','F','HRV','EUR','2.05',27,7),
 ('BILB',15,'Mumbrú, Álex','A','ESP','JFL','2.02',32,3),
 ('BILB',17,'Hervelle, Axel','F','BEL','EUR','2.05',29,3);
INSERT INTO `xogador` (`codigo_equipo`,`numero`,`nome`,`posicion`,`nacionalidade`,`ficha`,`estatura`,`idade`,`temporadas`) VALUES 
 ('BILB',21,'Fischer, D´or','P','USA','EXT','2.11',30,1),
 ('BILB',31,'López, Raül','B','ESP','JFL','1.82',32,1),
 ('BILB',33,'Samb, Mamadou','F','ESP','JFL','2.08',22,1),
 ('BILB',34,'Vasileiadis, Kostas','A','GRC','EUR','2.00',28,2),
 ('BILB',44,'Grimau, Roger','E','ESP','JFL','1.96',33,1),
 ('BILB',45,'Blums, Janis','E','LVA','EUR','1.90',30,4),
 ('GRAN',0,'Haynes, Marquez','E','GEO','EUR','1.88',25,1),
 ('GRAN',4,'Dowdell, Zabian','B','USA','EXT','1.91',27,1),
 ('GRAN',7,'Savané, Sitapha','P','ESP','JFL','2.01',33,8),
 ('GRAN',8,'Bramos, Michael','E','GRC','EUR','1.96',25,2),
 ('GRAN',9,'Palacios, Juan','F','COL','EXT','2.03',27,1),
 ('GRAN',11,'Bellas, Tomás','B','ESP','JFL','1.85',24,3),
 ('GRAN',15,'López, Alejandro','E','ESP','','1.89',21,3),
 ('GRAN',17,'Nelson, Spencer','P','AZE','EUR','2.03',31,2),
 ('GRAN',19,'Alvarado, Óscar','B','ESP','JFL','1.84',20,3),
 ('GRAN',33,'Beirán, Javier','A','ESP','JFL','2.00',25,2);
INSERT INTO `xogador` (`codigo_equipo`,`numero`,`nome`,`posicion`,`nacionalidade`,`ficha`,`estatura`,`idade`,`temporadas`) VALUES 
 ('GRAN',34,'Ekperigin, Laurence','P','GBR','EUR','2.02',24,1),
 ('GRAN',41,'Rey, Xavi','P','ESP','JFL','2.09',24,2),
 ('GRAN',50,'Santana, Fabio','B','ESP','JFL','1.88',19,2),
 ('LAGU',5,'Papamakarios, M.','E','GRC','EUR','1.92',31,1),
 ('LAGU',7,'Panko, Andy','A','USA','EXT','2.04',34,4),
 ('LAGU',8,'Neto, Raulzinho','B','ITA','EUR','1.84',20,1),
 ('LAGU',9,'Vidal, Sergi','E','ESP','JFL','1.98',31,1),
 ('LAGU',11,'Lasa, Lander','A','ESP','JFL','1.93',24,2),
 ('LAGU',13,'Doblas, David','P','ESP','JFL','2.06',30,5),
 ('LAGU',14,'Salgado, Javier','B','ESP','JFL','1.80',31,2),
 ('LAGU',18,'Olaizola, Julen','F','ESP','JFL','2.02',19,1),
 ('LAGU',19,'Motos, Mikel','E','ESP','JFL','1.92',19,1),
 ('LAGU',20,'Baron Jr., Jimmy','E','USA','EXT','1.91',26,2),
 ('LAGU',32,'Ogide, Andy','P','NGA','COT','2.04',24,1),
 ('LAGU',44,'Lorant, Peter','F','HUN','EUR','2.06',26,1),
 ('LAGU',51,'Betts, Andrew','P','GBR','EUR','2.17',35,1),
 ('ALI',5,'Freire, Rafael','B','ESP','JFL','1.88',20,1);
INSERT INTO `xogador` (`codigo_equipo`,`numero`,`nome`,`posicion`,`nacionalidade`,`ficha`,`estatura`,`idade`,`temporadas`) VALUES 
 ('ALI',6,'Ordín, Nacho','B','ESP','JFL','1.84',34,1),
 ('ALI',7,'Astilleros, Fabio','A','ESP','JFL','1.90',18,1),
 ('ALI',8,'Jódar, Alberto','A','ESP','JFL','2.04',21,1),
 ('ALI',9,'Llompart, Pedro','B','ESP','JFL','1.85',30,3),
 ('ALI',10,'Rautins, Andy','E','USA','EXT','1.93',25,1),
 ('ALI',11,'Urtasun, Alex','E','ESP','JFL','1.93',28,2),
 ('ALI',11,'Miñarro, Germán','E','ESP','JFL','1.75',18,1),
 ('ALI',12,'Dewar, Benjamin','A','FRA','EUR','1.96',30,1),
 ('ALI',19,'Stojic, Mario','A','DEU','EUR','1.98',32,4),
 ('ALI',23,'Kone, Mohamed','P','FRA','EUR','2.11',31,1),
 ('ALI',24,'Ellis, Tyrone','E','GEO','EUR','1.93',34,1),
 ('ALI',31,'Barnes, Lamont','P','USA','EUR','2.08',33,1),
 ('ALI',55,'Ivanov, Kaloyan','F','BGR','EUR','2.05',26,1),
 ('FUEN',4,'Mainoldi, Leo','F','ITA','EUR','2.02',27,4),
 ('FUEN',7,'Hall, Mike','F','USA','EXT','2.03',27,1),
 ('FUEN',7,'Fall, Massine','P','SEN','','2.08',19,1),
 ('FUEN',8,'Laviña, Ferran','E','ESP','JFL','1.92',35,3);
INSERT INTO `xogador` (`codigo_equipo`,`numero`,`nome`,`posicion`,`nacionalidade`,`ficha`,`estatura`,`idade`,`temporadas`) VALUES 
 ('FUEN',9,'Vega, Javier','F','ESP','JFL','2.05',24,6),
 ('FUEN',10,'Colom, Quino','B','ESP','JFL','1.88',23,3),
 ('FUEN',12,'Blanco, Saúl','E','ESP','JFL','1.94',27,5),
 ('FUEN',13,'Laso, Adrián','F','ESP','JFL','2.05',21,2),
 ('FUEN',14,'Joseph, Robert','F','HTI','COT','2.04',34,1),
 ('FUEN',15,'Diouf, Michel','F','SEN','JFL','2.10',23,1),
 ('FUEN',21,'Cortaberría, Jon','E','ESP','JFL','2.00',30,3),
 ('FUEN',23,'Sánchez, Sergio','B','ESP','JFL','1.89',31,2),
 ('FUEN',31,'Ffriend, Kimani','P','JAM','COT','2.11',34,1),
 ('FUEN',33,'Muñoz, Álvaro','A','ESP','JFL','1.96',21,3),
 ('MADR',4,'Tomic, Ante','P','HRV','EUR','2.17',25,3),
 ('MADR',6,'Sanz, Jorge','B','ESP','JFL','1.88',19,2),
 ('MADR',7,'Pocius, Martynas','A','LTU','EUR','1.96',26,1),
 ('MADR',8,'Suárez, Carlos','A','ESP','JFL','2.02',26,2),
 ('MADR',9,'Reyes, Felipe','P','ESP','JFL','2.04',32,8),
 ('MADR',11,'Díez, Daniel','A','ESP','JFL','2.01',19,1);
INSERT INTO `xogador` (`codigo_equipo`,`numero`,`nome`,`posicion`,`nacionalidade`,`ficha`,`estatura`,`idade`,`temporadas`) VALUES 
 ('MADR',12,'Mirotic, Nikola','F','ESP','JFL','2.08',21,3),
 ('MADR',13,'Rodríguez, Sergio','B','ESP','JFL','1.90',25,2),
 ('MADR',14,'Velickovic, Novica','F','SRB','EUR','2.05',25,3),
 ('MADR',16,'Begic, Mirza','P','SVN','EUR','2.16',26,2),
 ('MADR',20,'Carroll, Jaycee','E','AZE','EUR','1.88',29,1),
 ('MADR',22,'Singler, Kyle','A','USA','EXT','2.03',24,1),
 ('MADR',23,'Llull, Sergio','B','ESP','JFL','1.90',24,6),
 ('MURC',4,'Jasen, Juan Ignacio','E','ESP','EUR','1.96',26,1),
 ('MURC',5,'Augustine, James','F','USA','EXT','2.08',28,1),
 ('MURC',6,'Toledo, Carlos','A','ESP','JFL','1.98',0,1),
 ('MURC',7,'Udoka, Ime','A','NGA','COT','1.98',34,1),
 ('MURC',8,'Douby, Quincy','E','USA','EXT','1.91',28,1),
 ('MURC',9,'Méndez, Adrián','A','ESP','JFL','1.95',18,1),
 ('MURC',10,'Sekulic, Blagota','P','MNE','EUR','2.10',30,1),
 ('MURC',11,'Franch, Josep','B','ESP','JFL','1.90',21,1),
 ('MURC',14,'Rivero, Pedro','B','ESP','JFL','1.86',32,1);
INSERT INTO `xogador` (`codigo_equipo`,`numero`,`nome`,`posicion`,`nacionalidade`,`ficha`,`estatura`,`idade`,`temporadas`) VALUES 
 ('MURC',15,'Pérez, Sergio','A','ESP','JFL','2.04',32,1),
 ('MURC',20,'Barlow, David','A','AUS','EUR','2.05',28,1),
 ('MURC',31,'Miso, Andrés','E','ESP','JFL','1.99',29,1),
 ('MURC',34,'Rejón, Guillermo','F','ESP','JFL','2.06',35,1),
 ('MURC',44,'Grimau, Jordi','E','ESP','JFL','1.97',28,1),
 ('UNIC',5,'Rodríguez, Berni','E','ESP','JFL','1.97',31,13),
 ('UNIC',6,'Rowland, EJ','B','BGR','EUR','1.88',29,1),
 ('UNIC',7,'Lima, Augusto Cesar','F','ESP','JFL','2.06',20,3),
 ('UNIC',8,'DeVries, Troy','E','USA','EXT','1.93',29,1),
 ('UNIC',9,'Valters, Kristaps','B','LVA','EUR','1.91',30,1),
 ('UNIC',10,'Peric, Hrvoje','A','HRV','EUR','2.03',26,1),
 ('UNIC',12,'Darden, Tremmell','A','USA','EXT','1.94',30,1),
 ('UNIC',15,'Garbajosa, Jorge','P','ESP','JFL','2.06',34,4),
 ('UNIC',16,'Abrines, Álex','A','ESP','JFL','1.96',18,1),
 ('UNIC',17,'Kuzmic, Ognjen','P','BIH','EUR','2.14',22,1),
 ('UNIC',19,'Freeland, Joel','F','GBR','EUR','2.08',25,3);
INSERT INTO `xogador` (`codigo_equipo`,`numero`,`nome`,`posicion`,`nacionalidade`,`ficha`,`estatura`,`idade`,`temporadas`) VALUES 
 ('UNIC',21,'Zoric, Luka','F','HRV','EUR','2.11',27,1),
 ('UNIC',22,'Sinanovic, Nedzad','P','ESP','JFL','2.22',29,2),
 ('UNIC',25,'Díaz, Alberto','B','ESP','JFL','1.88',18,1),
 ('VALE',0,'San Miguel, Rodrigo','B','ESP','JFL','1.86',27,1),
 ('VALE',4,'Markovic, Stefan','B','SRB','EUR','1.97',24,1),
 ('VALE',6,'Ogilvy, AJ','P','IRL','EUR','2.11',23,1),
 ('VALE',8,'Newley, Brad','A','AUS','EXT','2.00',27,1),
 ('VALE',9,'Claver, Victor','A','ESP','JFL','2.07',23,7),
 ('VALE',13,'Faverani, Vitor','P','ESP','JFL','2.10',24,1),
 ('VALE',16,'Navarro, Juanlu','F','ESP','JFL','1.95',21,2),
 ('VALE',16,'Pérez, Alberto','B','ESP','JFL','1.87',17,1),
 ('VALE',17,'Martínez, Rafa','E','ESP','JFL','1.90',30,4),
 ('VALE',20,'Pietrus, Florent','F','FRA','EUR','2.02',31,4),
 ('VALE',22,'De Colo, Nando','B','FRA','EUR','1.95',24,3),
 ('VALE',32,'Abia, Larry','E','ESP','JFL','1.96',18,2),
 ('VALE',33,'Caner-Medley, Nik','F','AZE','EUR','2.03',28,1);
INSERT INTO `xogador` (`codigo_equipo`,`numero`,`nome`,`posicion`,`nacionalidade`,`ficha`,`estatura`,`idade`,`temporadas`) VALUES 
 ('VALE',34,'Pla, Guillem','P','ESP','JFL','2.00',21,1),
 ('VALE',55,'Dean, Taquan','E','USA','EXT','1.93',28,1);
/*!40000 ALTER TABLE `xogador` ENABLE KEYS */;


--
-- Definition of table `partido`
--

DROP TABLE IF EXISTS `partido`;
CREATE TABLE `partido` (
  `id` smallint(5) unsigned NOT NULL AUTO_INCREMENT,
  `xornada` smallint(5) unsigned DEFAULT NULL,
  `equipo_local` char(4) DEFAULT NULL,
  `equipo_visitante` char(4)  DEFAULT NULL,
  `puntos_local` tinyint(3) unsigned DEFAULT NULL,
  `puntos_visitante` tinyint(3) unsigned DEFAULT NULL,
  PRIMARY KEY (`id`)
) ENGINE=MyISAM AUTO_INCREMENT=307 DEFAULT CHARSET=latin1 COLLATE=latin1_swedish_ci;

--
-- Dumping data for table `partido`
--

/*!40000 ALTER TABLE `partido` DISABLE KEYS */;
INSERT INTO `partido` (`id`,`xornada`,`equipo_local`,`equipo_visitante`,`puntos_local`,`puntos_visitante`) VALUES 
 (1,1,'ESTU','VALE',71,69),
 (2,1,'CAI','VALL',75,74),
 (3,1,'SANS','OBRA',68,71),
 (4,1,'MALA','GRAN',85,68),
 (5,1,'BASK','SEVI',73,60),
 (6,1,'ALI','BILB',81,77),
 (7,1,'MADR','FUEN',88,70),
 (8,1,'MANR','JOVE',71,59),
 (9,1,'MURC','BARC',54,62),
 (10,2,'BARC','ESTU',97,51),
 (11,2,'JOVE','MURC',71,65),
 (12,2,'FUEN','MANR',73,79),
 (13,2,'BILB','MADR',86,82),
 (14,2,'SEVI','ALI',86,61),
 (15,2,'GRAN','BASK',68,77),
 (16,2,'OBRA','MALA',71,78),
 (17,2,'VALL','SANS',89,86),
 (18,2,'VALE','CAI',82,66),
 (19,3,'FUEN','ESTU',88,80),
 (20,3,'BILB','JOVE',78,72),
 (21,3,'SEVI','BARC',81,75),
 (22,3,'GRAN','MURC',66,54),
 (23,3,'OBRA','MANR',61,49),
 (24,3,'VALL','MADR',72,84),
 (25,3,'VALE','ALI',67,70),
 (26,3,'CAI','BASK',86,66),
 (27,3,'SANS','MALA',92,95),
 (28,4,'ESTU','SANS',62,58),
 (29,4,'MALA','CAI',79,57),
 (30,4,'BASK','VALE',72,82),
 (31,4,'ALI','VALL',91,64),
 (32,4,'MADR','OBRA',81,67),
 (33,4,'MANR','GRAN',69,60);
INSERT INTO `partido` (`id`,`xornada`,`equipo_local`,`equipo_visitante`,`puntos_local`,`puntos_visitante`) VALUES 
 (34,4,'MURC','SEVI',65,58),
 (35,4,'BARC','BILB',91,72),
 (36,4,'JOVE','FUEN',62,73),
 (37,5,'JOVE','ESTU',74,71),
 (38,5,'FUEN','BARC',56,66),
 (39,5,'BILB','MURC',95,80),
 (40,5,'SEVI','MANR',76,65),
 (41,5,'GRAN','MADR',60,68),
 (42,5,'OBRA','ALI',69,73),
 (43,5,'VALL','BASK',64,76),
 (44,5,'VALE','MALA',75,62),
 (45,5,'CAI','SANS',77,86),
 (46,6,'ESTU','CAI',67,63),
 (47,6,'SANS','VALE',80,86),
 (48,6,'MALA','VALL',78,51),
 (49,6,'BASK','OBRA',72,53),
 (50,6,'ALI','GRAN',58,55),
 (51,6,'MADR','SEVI',78,65),
 (52,6,'MANR','BILB',81,73),
 (53,6,'MURC','FUEN',71,65),
 (54,6,'BARC','JOVE',82,70),
 (55,7,'SEVI','ESTU',89,61),
 (56,7,'GRAN','BILB',77,71),
 (57,7,'OBRA','FUEN',77,85),
 (58,7,'VALL','JOVE',86,67),
 (59,7,'VALE','BARC',68,72),
 (60,7,'CAI','MURC',67,59),
 (61,7,'SANS','MANR',88,82),
 (62,7,'MALA','MADR',80,96),
 (63,7,'BASK','ALI',65,55),
 (64,8,'ESTU','BASK',54,74),
 (65,8,'ALI','MALA',77,97);
INSERT INTO `partido` (`id`,`xornada`,`equipo_local`,`equipo_visitante`,`puntos_local`,`puntos_visitante`) VALUES 
 (66,8,'MADR','SANS',82,74),
 (67,8,'MANR','CAI',74,81),
 (68,8,'MURC','VALE',83,86),
 (69,8,'BARC','VALL',77,67),
 (70,8,'JOVE','OBRA',73,67),
 (71,8,'FUEN','GRAN',69,65),
 (72,8,'BILB','SEVI',67,75),
 (73,9,'BILB','ESTU',72,66),
 (74,9,'SEVI','FUEN',97,99),
 (75,9,'GRAN','JOVE',77,71),
 (76,9,'OBRA','BARC',83,89),
 (77,9,'VALL','MURC',65,76),
 (78,9,'VALE','MANR',75,67),
 (79,9,'CAI','MADR',67,84),
 (80,9,'SANS','ALI',68,71),
 (81,9,'MALA','BASK',79,66),
 (82,10,'ESTU','MALA',75,84),
 (83,10,'BASK','SANS',86,74),
 (84,10,'ALI','CAI',77,75),
 (85,10,'MADR','VALE',81,64),
 (86,10,'MANR','VALL',80,75),
 (87,10,'MURC','OBRA',60,85),
 (88,10,'BARC','GRAN',65,49),
 (89,10,'JOVE','SEVI',83,65),
 (90,10,'FUEN','BILB',82,73),
 (91,11,'ESTU','MADR',90,85),
 (92,11,'MANR','ALI',62,76),
 (93,11,'MURC','BASK',67,75),
 (94,11,'BARC','MALA',72,62),
 (95,11,'JOVE','SANS',70,93),
 (96,11,'FUEN','CAI',88,95),
 (97,11,'BILB','VALE',85,74);
INSERT INTO `partido` (`id`,`xornada`,`equipo_local`,`equipo_visitante`,`puntos_local`,`puntos_visitante`) VALUES 
 (98,11,'SEVI','VALL',87,73),
 (99,11,'GRAN','OBRA',84,73),
 (100,12,'OBRA','ESTU',61,58),
 (101,12,'VALL','GRAN',70,89),
 (102,12,'VALE','SEVI',80,84),
 (103,12,'CAI','BILB',59,62),
 (104,12,'SANS','FUEN',86,70),
 (105,12,'MALA','JOVE',89,88),
 (106,12,'BASK','BARC',71,60),
 (107,12,'ALI','MURC',63,62),
 (108,12,'MADR','MANR',83,61),
 (109,13,'MURC','ESTU',88,75),
 (110,13,'BARC','MANR',74,61),
 (111,13,'JOVE','MADR',78,75),
 (112,13,'FUEN','ALI',60,64),
 (113,13,'BILB','BASK',79,80),
 (114,13,'SEVI','MALA',68,72),
 (115,13,'GRAN','SANS',45,78),
 (116,13,'CAI','OBRA',80,71),
 (117,13,'VALL','VALE',74,65),
 (118,14,'ESTU','VALL',69,62),
 (119,14,'VALE','OBRA',77,71),
 (120,14,'CAI','GRAN',63,61),
 (121,14,'SANS','SEVI',67,65),
 (122,14,'MALA','BILB',78,73),
 (123,14,'BASK','FUEN',61,51),
 (124,14,'ALI','JOVE',84,78),
 (125,14,'MADR','BARC',78,74),
 (126,14,'MANR','MURC',83,74),
 (127,15,'ESTU','MANR',76,70);
INSERT INTO `partido` (`id`,`xornada`,`equipo_local`,`equipo_visitante`,`puntos_local`,`puntos_visitante`) VALUES 
 (128,15,'MURC','MADR',60,91),
 (129,15,'BARC','ALI',65,49),
 (130,15,'JOVE','BASK',57,74),
 (131,15,'FUEN','MALA',80,78),
 (132,15,'BILB','SANS',87,93),
 (133,15,'SEVI','CAI',77,64),
 (134,15,'GRAN','VALE',63,71),
 (135,15,'OBRA','VALL',63,72),
 (136,16,'GRAN','ESTU',73,65),
 (137,16,'OBRA','SEVI',70,77),
 (138,16,'VALL','BILB',73,81),
 (139,16,'VALE','FUEN',69,76),
 (140,16,'CAI','JOVE',96,73),
 (141,16,'SANS','BARC',56,71),
 (142,16,'MALA','MURC',87,79),
 (143,16,'BASK','MANR',65,76),
 (144,16,'ALI','MADR',86,92),
 (145,17,'ESTU','ALI',68,76),
 (146,17,'MADR','BASK',84,73),
 (147,17,'MANR','MALA',86,68),
 (148,17,'MURC','SANS',85,89),
 (149,17,'BARC','CAI',71,68),
 (150,17,'JOVE','VALE',81,73),
 (151,17,'FUEN','VALL',65,54),
 (152,17,'OBRA','BILB',65,79),
 (153,17,'SEVI','GRAN',75,70),
 (154,18,'VALE','ESTU',85,71),
 (155,18,'VALL','CAI',58,73),
 (156,18,'OBRA','SANS',80,88),
 (157,18,'GRAN','MALA',60,49);
INSERT INTO `partido` (`id`,`xornada`,`equipo_local`,`equipo_visitante`,`puntos_local`,`puntos_visitante`) VALUES 
 (158,18,'SEVI','BASK',66,73),
 (159,18,'BILB','ALI',73,60),
 (160,18,'FUEN','MADR',57,79),
 (161,18,'JOVE','MANR',92,79),
 (162,18,'BARC','MURC',90,53),
 (163,19,'ESTU','BARC',65,80),
 (164,19,'MURC','JOVE',76,54),
 (165,19,'MANR','FUEN',80,59),
 (166,19,'MADR','BILB',90,93),
 (167,19,'ALI','SEVI',86,82),
 (168,19,'BASK','GRAN',71,67),
 (169,19,'MALA','OBRA',54,69),
 (170,19,'SANS','VALL',71,62),
 (171,19,'CAI','VALE',71,63),
 (172,20,'CAI','ESTU',75,72),
 (173,20,'VALE','SANS',69,60),
 (174,20,'VALL','MALA',76,83),
 (175,20,'OBRA','BASK',89,87),
 (176,20,'GRAN','ALI',61,53),
 (177,20,'SEVI','MADR',63,98),
 (178,20,'BILB','MANR',88,60),
 (179,20,'FUEN','MURC',89,73),
 (180,20,'JOVE','BARC',52,79),
 (181,21,'ESTU','JOVE',56,71),
 (182,21,'BARC','FUEN',86,59),
 (183,21,'MURC','BILB',73,69),
 (184,21,'MANR','SEVI',76,71),
 (185,21,'MADR','GRAN',90,72),
 (186,21,'ALI','OBRA',63,64),
 (187,21,'BASK','VALL',67,65);
INSERT INTO `partido` (`id`,`xornada`,`equipo_local`,`equipo_visitante`,`puntos_local`,`puntos_visitante`) VALUES 
 (188,21,'MALA','VALE',58,68),
 (189,21,'SANS','CAI',76,75),
 (190,22,'SANS','ESTU',103,81),
 (191,22,'CAI','MALA',76,59),
 (192,22,'VALE','BASK',63,68),
 (193,22,'VALL','ALI',69,57),
 (194,22,'OBRA','MADR',69,83),
 (195,22,'GRAN','MANR',63,77),
 (196,22,'SEVI','MURC',76,60),
 (197,22,'BILB','BARC',65,72),
 (198,22,'FUEN','JOVE',55,72),
 (199,23,'ESTU','FUEN',72,76),
 (200,23,'JOVE','BILB',91,67),
 (201,23,'BARC','SEVI',63,66),
 (202,23,'MURC','GRAN',76,60),
 (203,23,'MANR','OBRA',86,77),
 (204,23,'MADR','VALL',76,55),
 (205,23,'ALI','VALE',65,70),
 (206,23,'BASK','CAI',75,65),
 (207,23,'MALA','SANS',81,89),
 (208,24,'MALA','ESTU',67,74),
 (209,24,'SANS','BASK',81,73),
 (210,24,'CAI','ALI',65,49),
 (211,24,'VALE','MADR',83,66),
 (212,24,'VALL','MANR',79,70),
 (213,24,'OBRA','MURC',69,62),
 (214,24,'GRAN','BARC',93,90),
 (215,24,'SEVI','JOVE',73,77),
 (216,24,'BILB','FUEN',92,81),
 (217,25,'ESTU','BILB',69,71);
INSERT INTO `partido` (`id`,`xornada`,`equipo_local`,`equipo_visitante`,`puntos_local`,`puntos_visitante`) VALUES 
 (218,25,'FUEN','SEVI',70,75),
 (219,25,'JOVE','GRAN',73,81),
 (220,25,'BARC','OBRA',71,58),
 (221,25,'MURC','VALL',85,56),
 (222,25,'MANR','VALE',68,89),
 (223,25,'MADR','CAI',85,71),
 (224,25,'ALI','SANS',79,68),
 (225,25,'BASK','MALA',90,68),
 (226,26,'BASK','ESTU',89,74),
 (227,26,'MALA','ALI',72,60),
 (228,26,'SANS','MADR',98,90),
 (229,26,'CAI','MANR',72,71),
 (230,26,'VALE','MURC',87,80),
 (231,26,'VALL','BARC',86,92),
 (232,26,'OBRA','JOVE',73,60),
 (233,26,'GRAN','FUEN',70,65),
 (234,26,'SEVI','BILB',108,110),
 (235,27,'ESTU','SEVI',64,77),
 (236,27,'BILB','GRAN',78,72),
 (237,27,'FUEN','OBRA',63,82),
 (238,27,'JOVE','VALL',83,73),
 (239,27,'BARC','VALE',76,72),
 (240,27,'MURC','CAI',76,62),
 (241,27,'MANR','SANS',74,79),
 (242,27,'MADR','MALA',64,51),
 (243,27,'ALI','BASK',72,71),
 (244,28,'ALI','ESTU',65,83),
 (245,28,'BASK','MADR',67,66),
 (246,28,'MALA','MANR',81,96),
 (247,28,'SANS','MURC',67,71);
INSERT INTO `partido` (`id`,`xornada`,`equipo_local`,`equipo_visitante`,`puntos_local`,`puntos_visitante`) VALUES 
 (248,28,'CAI','BARC',49,68),
 (249,28,'VALE','JOVE',90,67),
 (250,28,'VALL','FUEN',69,66),
 (251,28,'BILB','OBRA',79,71),
 (252,28,'GRAN','SEVI',66,74),
 (253,29,'ESTU','GRAN',61,52),
 (254,29,'SEVI','OBRA',79,59),
 (255,29,'BILB','VALL',89,77),
 (256,29,'FUEN','VALE',68,90),
 (257,29,'JOVE','CAI',85,63),
 (258,29,'BARC','SANS',77,61),
 (259,29,'MURC','MALA',86,77),
 (260,29,'MANR','BASK',72,70),
 (261,29,'MADR','ALI',91,87),
 (262,30,'MADR','ESTU',85,80),
 (263,30,'ALI','MANR',76,70),
 (264,30,'BASK','MURC',71,65),
 (265,30,'MALA','BARC',57,89),
 (266,30,'SANS','JOVE',90,85),
 (267,30,'CAI','FUEN',80,78),
 (268,30,'VALE','BILB',66,63),
 (269,30,'VALL','SEVI',72,77),
 (270,30,'OBRA','GRAN',65,45),
 (271,31,'ESTU','OBRA',79,62),
 (272,31,'GRAN','VALL',64,59),
 (273,31,'SEVI','VALE',65,58),
 (274,31,'BILB','CAI',68,57),
 (275,31,'FUEN','SANS',71,63),
 (276,31,'JOVE','MALA',80,64),
 (277,31,'BARC','BASK',97,89);
INSERT INTO `partido` (`id`,`xornada`,`equipo_local`,`equipo_visitante`,`puntos_local`,`puntos_visitante`) VALUES 
 (278,31,'MURC','ALI',78,82),
 (279,31,'MANR','MADR',93,96),
 (280,32,'MANR','ESTU',78,75),
 (281,32,'MADR','MURC',80,79),
 (282,32,'ALI','BARC',57,83),
 (283,32,'BASK','JOVE',66,68),
 (284,32,'MALA','FUEN',79,65),
 (285,32,'SANS','BILB',76,77),
 (286,32,'CAI','SEVI',65,59),
 (287,32,'VALE','GRAN',77,62),
 (288,32,'VALL','OBRA',81,75),
 (289,33,'VALL','ESTU',68,79),
 (290,33,'OBRA','VALE',76,62),
 (291,33,'GRAN','CAI',72,62),
 (292,33,'SEVI','SANS',61,65),
 (293,33,'BILB','MALA',80,83),
 (294,33,'FUEN','BASK',87,92),
 (295,33,'JOVE','ALI',74,63),
 (296,33,'BARC','MADR',86,83),
 (297,33,'MURC','MANR',78,60),
 (298,34,'ESTU','MURC',80,86),
 (299,34,'MANR','BARC',71,77),
 (300,34,'MADR','JOVE',95,82),
 (301,34,'ALI','FUEN',66,55),
 (302,34,'BASK','BILB',100,70),
 (303,34,'MALA','SEVI',75,66),
 (304,34,'SANS','GRAN',93,78),
 (305,34,'OBRA','CAI',89,84),
 (306,34,'VALE','VALL',76,59);

